selector_source_pool	selector_model	selector_bits	message_sample_index	message_bits	crc_bits	payload_bits_after_choice	message_hex	payload_hex	selected_choice_index	sequence	sequence_sha256	fullcontext_score
GCall	P5_combined_context	2	0	195	16	211	0x0	0x86c1	0	CTTGTAGAATTACCGAGTCAACGCAATAGACTAGCAGTCTTCAGACAGGTAAAGCCCAACTGAATCGCGGATGCTTGCCTCGTGCACTGCGCACCTATTGCTATCACC	7c9be69cdce9baa97df2ef1f833bd02ff32567fb2aa300d299dfaaad437e447f	1.0025891694161548
GCall	P5_combined_context	2	1	195	16	211	0x1	0x196e0	0	GTCAAACGATCATCCTTTGATACCGTAATTCACCTCTGCGTCTTATACTGGGTCGCGAATACAGTCTTGTGAGTCCCGGTGACGTGGAATCGCATGCAGAGGTATCGA	00df7fc34bcd4269944114264af8d8ee1f4437aedb3acf60ea60167de6702999	1.0010734385342601
GCall	P5_combined_context	2	2	195	16	211	0x23e4678003f9ca13e4f212a836277507c8b7db9979e3ba56	0x23e4678003f9ca13e4f212a836277507c8b7db9979e3ba56b827	2	CTAGTGGTTATACGCGCAGGCTTGCATTATTACGACGCCGCGAGATTTACATCTCCGGATGACCGACGACTCGTCAAGTCTATGCTTTGTCGGCGCGTACTGCTGGGA	5ca8f2315cc4309041f6e406168702c113e74047496287cd501a84ed76cb07a0	1.0022980788440863
GCall	P5_combined_context	2	3	195	16	211	0x38472c69a870ac8a50d2c8da7643e63536e366f39bb2f36c	0x38472c69a870ac8a50d2c8da7643e63536e366f39bb2f36c39a3	0	ACTACGTACTATGACTTTCATATCAATCCCATTTCGCTGCTGGAGACACTCCCTGCCATACACGTACCTCGAAATGGAAGGAGGAGCATATTAAGCGCGAAGCAGCTG	ce83a8869ee62c9e029e4ae01a531a835d997414c931586f97882eebbcd390fc	1.003519918420874
GCall	P5_combined_context	2	4	195	16	211	0x62e8fe43afdbf82a57d2955c7b4b4a96d88bdce6d56c407f	0x62e8fe43afdbf82a57d2955c7b4b4a96d88bdce6d56c407f964e	2	AACTAGCTTAGCTTTACTGTTACAGACGCAAGAATCCCAATGCGGCTCGGGAGGGTAGCGAGAGTCATTTGCAAACAAAGTAATGAACATCCAGCCTCTATGTCATTC	381021702804e03793ab49a7dfacfbfc110a3e9141243190ca8b274a96adec34	1.0013719854090573
GCall	P5_combined_context	2	5	195	16	211	0x8ede5205cf7fdff40e8cd9a1f55cb87717bf957906093b38	0x8ede5205cf7fdff40e8cd9a1f55cb87717bf957906093b382c0b	0	ACACCCAAAGTTTGGCGCCATGAAGCGCCATTCGGCAATAGCAGATCCTTAGGTTCCCGTCAGACATTTGCACTACGCATGTGCTACGGAACTGGAGCATCATCTGAA	d2558204dd5ba325806a8bc8202adaf00d634f59cb98d4e25f15988d78f7758f	1.0020969686115642
GCall	P5_combined_context	2	6	195	16	211	0x124166cf04af814caac98aab245298c7282a6b045972fb221	0x124166cf04af814caac98aab245298c7282a6b045972fb2212f0d	1	ATATATCGCGATGCTGTTTCGCGGGATTCTGCAAGCTTCTGAGACACGGGACATTACCTCACGGCATGGTGAGGTGTACGACGGTATACTATAGTCCAATTTCATATA	e0bcde010085f02f8dcef8fe8a6526871064c7cade0b69c9a975be27570b88f6	1.0006099229582284
GCall	P5_combined_context	2	7	195	16	211	0x151adf5d60540aece6b93cc4bdfc61dcec7a4e65a8025b9e5	0x151adf5d60540aece6b93cc4bdfc61dcec7a4e65a8025b9e5f450	0	CACGAGGATTGTAACGATGAAAGGCCTGTCTTTGAATGGCCCGCGAATGTGAATTCGCCCTTTAATGTTACACAAGATCTCCAATCCGTTGCAAGTGGCCCAGGTTCG	926593a9389288b71a2f206e784e8137b0c2ff74acda2709b4c0d7be52e21522	1.0033431430800124
GCall	P5_combined_context	2	8	195	16	211	0x1a78ea7a4054c816dea38782112e0cfe213d9ebdbd9a83174	0x1a78ea7a4054c816dea38782112e0cfe213d9ebdbd9a831740963	2	ATTCGCTATTGCGTACTGACCGACCCTACTGACGTACGGACCATCTGGCAATGATCCTGGCCTTCAGATAGACTGACTACCAGTCATGGCACATCCTACCTTCAAAGT	92f8ca2d1c1b1a71da8b33da1e4bf977af34d33ec5369e57482c7ab82cb847fe	1.0030445770984189
GCall	P5_combined_context	2	9	195	16	211	0x1ab73ebd39ee001e3e86f5406162736af44fc65f66c443b2d	0x1ab73ebd39ee001e3e86f5406162736af44fc65f66c443b2d1db5	2	TGGTGGCTCACAGTCGACTTCCACCGGACTACGTTGCCGTGTCCTCGTCAGTAAACATCAATAAGAATTTACATCCGCCAACAGCTATGTAGCTGATAGCAGGAACGA	a9b8da49f551a7de14a6b59e788798142074c7ab9a1e3d9eef746f4ba8873761	1.0038625382606126
GCall	P5_combined_context	2	10	195	16	211	0x1c8b0ace43e076d90e2ecec92011abcca57209f61f5bb8240	0x1c8b0ace43e076d90e2ecec92011abcca57209f61f5bb824057f8	0	AAGCGAGGCGATGTGTTCTTCTAGCAGTGTTTGCCGCATAGGAGGGCTTACCCAGGATGAGTCTCTACAAAGCCTTGATGAGCGGCGAAGTCCAATTTATGTCCCAGG	f56ec74642c17be43b6c0a7e5970d12a32107ce9f9cf53f3474d3e9b68d5f715	1.0002938700664539
GCall	P5_combined_context	2	11	195	16	211	0x21b5f2624c327b9b9645a3b9eef3959618ee10806015757ca	0x21b5f2624c327b9b9645a3b9eef3959618ee10806015757ca35f2	0	TATTGCTATACACGGGATAGGTAACAGTGCGTGATGAGTGAATCTTGACAGTCGGTCTGAAGACAGCATCCACACATTTCCGGTGAACGGTTACCACTCACCAAGAGT	a2d5193d9580b5915e53199b121f8d7226151dc05c62f00a978be88879d6522b	1.0030068161845285
GCall	P5_combined_context	2	12	195	16	211	0x229efcb39bdab576ff563bdb3db4ad1008804c4dc8d2199f7	0x229efcb39bdab576ff563bdb3db4ad1008804c4dc8d2199f75aed	0	GACTTAAGAACCGTCTGTGGAGAAACGTACAGACAGGCGTGACTAGTCCTCGCCGGAAGCAGAAGGACAGGAAAGTTAACTCTATGCGACTGCACTCAATTTAATCAC	847e63f4454ad366034a2810acb969b0dbf3e94bda20cb52df7dd45c5bac9777	1.002062543186155
GCall	P5_combined_context	2	13	195	16	211	0x2aaaaaaaaaaaaaaaaaaaaaaaaaaaaaaaaaaaaaaaaaaaaaaaa	0x2aaaaaaaaaaaaaaaaaaaaaaaaaaaaaaaaaaaaaaaaaaaaaaaa8fe1	2	ATCTAATACTTTGACTTGTTCTGCGCCTTGGCTGAACCCATAGAGTCTTTCCAAGGGTGACTTCGTGGCCACCCAACGCGTAGCCACCTGCCAACTTTACGTTAACCT	d5f2e9b740a9dbfcd939ffe3093a56f57bc9511d4039887dddc5129d62024665	1.0041072122102097
GCall	P5_combined_context	2	14	195	16	211	0x2b9a015ea22753b73283e6be2e44379a2326f7a2cdd7f195c	0x2b9a015ea22753b73283e6be2e44379a2326f7a2cdd7f195c9136	3	CATAAGTCTTGATAAACCTGGCAGTCACTCCAAATCAGGAAACCACATTCATGAAGGATAAATGGGCATGCCCGTCACGGCCTCAGTTGCGGGTTGTCTACACAAGCG	c50371b637c94ffa600306a94684858fc2e86d15ed38941b17362c0e0ff9d758	1.0041957365345073
GCall	P5_combined_context	2	15	195	16	211	0x2e736b3175c27da3adb17f23d602826213372015c574c0325	0x2e736b3175c27da3adb17f23d602826213372015c574c03255d51	3	AGAGGCAAAGGGCGACCGTCTACCGTATAAGTTTACACAGGCTTACCCACAGACAAAGTGCGGTGCGTTGGCCTAGGCTAACTTGTGCAGCATGACCGACATCGGAGG	b753b5d1353ff12f2a022dbf0ab3f877b9e9c2de773f30e9d2b713a984f93cb5	1.0003563530734356
GCall	P5_combined_context	2	16	195	16	211	0x3098b76265bdc020243116169270fd17cb3b96e3d26e39c3d	0x3098b76265bdc020243116169270fd17cb3b96e3d26e39c3de615	3	CACTACAACCTGACGATAATGTGCGGTGGGCATGTTTCCATTATTGTCACATTGTGCCTCCATCGCAGTATCGCTCACCGAATGCAAGTACCTTCTCCCGTCAGCTTT	629d8c341361e92d02184f3b1155cd55a6c48a1fd6bcd6c361a3d5ff5b261a60	1.0023719835035727
GCall	P5_combined_context	2	17	195	16	211	0x317442be0bf0a22cd814f3cabd2b5f402e9ebe96fd12b0998	0x317442be0bf0a22cd814f3cabd2b5f402e9ebe96fd12b0998150a	3	ATAGATTGTATGGGACTGCAAATCTAGACCGGCACACAGGACTGTTGGAAGTCCCTACACACAAGGTTCGTGACATGAACGACTGGCTCGCGAACCGTTCAAGATACT	c28c5b6f2bbc9b064f74f56db6b0f86aa574570dc66ada6e1b9cec59489e8014	1.0022411261451663
GCall	P5_combined_context	2	18	195	16	211	0x38397ff8dd43ff41ee5847bbe3c55b273bcd9eb24c28657c9	0x38397ff8dd43ff41ee5847bbe3c55b273bcd9eb24c28657c9790b	2	AGTACTAAACTCAGTGGATAGGCTCGACTTAGCCGGTGACCCATTCGGACGATTAAAGGGCCTGTCCTCACACCAACCCAACAATTCTAACCTGGCCAATGCCTGTCC	368319cbf01f6a2f809f37bf7f80e2806a41059c08d8559de00074c76c5e05a7	1.0023888176765328
GCall	P5_combined_context	2	19	195	16	211	0x3ba52bdc2a916c7267388d05c7b8e2624b635fac826381e7c	0x3ba52bdc2a916c7267388d05c7b8e2624b635fac826381e7c0feb	3	CGCGCAGACTACATCCCGGTTGTTGGTACTATCCTTGGACGGTGACGCTTCTCTCCGTAAGCGGCTTCTCTTTGTCCCGACTTATTTCTGGTCGTTCGAACATTTCAG	bab328ff3f90b185cffb7c631428f8d68ad13eccb4942ffd608a94cd5b0e5ac3	1.004267503217835
GCall	P5_combined_context	2	20	195	16	211	0x4000000000000000000000000000000000000000000000000	0x40000000000000000000000000000000000000000000000008030	1	AGGCATATACCGGGCCACCCTCTGTTAGTGTACCCGACGTAGCTCCACGTGATTGAGAACCGCACATGGCTCTTGGACCCTTTGACCATACCTTAAGGCAGATATTAA	fd833e05f3395f0caeee98b79ba54dd98958da4afa82d810be68d9e8dd3b8b2c	1.0017962899838622
GCall	P5_combined_context	2	21	195	16	211	0x42edc7ef7b6df3a801c199e3f209843a1ef9a8c0dc62a1d10	0x42edc7ef7b6df3a801c199e3f209843a1ef9a8c0dc62a1d10628c	2	CCTAGGTAGCCTCATACGCGCAAGCCCGAAGTGCTGGCCCACCTTTGACATACAATATGCCCGGGAATGAATACTACGTCAAGGCGGCCGTTTACTAATCGGGAGAAG	9b0bfb8f0ae4ef80b9d46da55bb5a709afa5261fa2b20da0319768d90646bc19	1.0044345010954574
GCall	P5_combined_context	2	22	195	16	211	0x4c12ab099e611f248a4020c864603d71c57cc6c65115fafaa	0x4c12ab099e611f248a4020c864603d71c57cc6c65115fafaa0688	3	GCTAGCTGGAGTCTCGCTTGTTTCTGTGTCTGTAAAGGTATAAATCGAGAATCGCGCCCGACGCCACATTATCGCACGAATCCCAATGTTCGACCTGCACTCGTCTGA	47a9981f6e307a8e0c376b79af581e2b29fdb3d21c2ac57312322e9a65cfcb98	1.0025054281617456
GCall	P5_combined_context	2	23	195	16	211	0x54ee2040af23ca5fabb597b851397217fced781336823f5e6	0x54ee2040af23ca5fabb597b851397217fced781336823f5e686ce	1	ATTTCGCATAAATCTACTATGTCCGAATATGGTCAGAGATCTAGTGGTGGATTATTGCGCACCCGCAACTGCTCGTGAATCTGATAGCATCCTGCAAAGAGCTGGTCG	22b968907f803632d298828b78d37c7ffab2523e10a5d250e4ab6e1ec2f34a37	1.001758956796033
GCall	P5_combined_context	2	24	195	16	211	0x5a7b04843b7b239e141811dcb1ef3114d73d409f9e4abafa6	0x5a7b04843b7b239e141811dcb1ef3114d73d409f9e4abafa679f1	3	ATGTCCTCCTCACACTTTGCGATAAATCTACTGTGTCCGCCCGCAGGTTGTGGCACTCTCTCAGACCTGCGTAGCAAAGCTTCCACCTCTTCTTAAGCTTTCGCTTCG	769852192e901be208d348a4e7e00bd31e4dde8a4a0a08eedc657545fb08166d	1.0000794968386297
GCall	P5_combined_context	2	25	195	16	211	0x7159493825a95305d5609d2535460bacccf220bfb2fd3ed74	0x7159493825a95305d5609d2535460bacccf220bfb2fd3ed749c95	0	CCGTGAAACTGGTGAAGTAGGTTTGCGTCGCAGCTATTCAGATCTATATGCTATCGCCATAGAGGATGACTGGTACCACAGGAATAGCGTCACGGGAGGCCACTACTC	1aa4468f67fd39154c3d2c6fa03f55859a3e2c57ce252216bd1d7490649543cc	1.0012113932164575
GCall	P5_combined_context	2	26	195	16	211	0x7564f1d04450f2977a608045ddfb8134969dce626799e6561	0x7564f1d04450f2977a608045ddfb8134969dce626799e65610b6a	0	CGCCGGTCTAGGTCTCTGTCTACGGCGTGCGGGCTATCCGTACACCGAGGGACTGAAATGTACACTATTTGAGGCCTAACTAATAAGGCGTGAAACGATTGTCATGAT	cf9fb77386db85e698d1fca53ad57cd9ef943f6a491bfbd0333c447cae442a52	1.0013725090441374
GCall	P5_combined_context	2	27	195	16	211	0x77f2ca333d780dbbecb5ac7635a52a28234984e928c9aa7f0	0x77f2ca333d780dbbecb5ac7635a52a28234984e928c9aa7f038b8	0	GACCTAGCCTCTCGAATCACAAAGGCTTCCGGAGAGGATCAAGCATAGTGATATCACTGTCCTTCCCTATCCAGACCTGCTGACGGACGGAAAGTAAGGACGACGGCA	20213ebe59651ae435526931aedc08805dbe0e2d073ddff9411b3afa5f3962bc	1.0025212560350278
GCall	P5_combined_context	2	28	195	16	211	0x78f7228e4b7a9f611852101c334cca00a3a1f1e9d53acfdb8	0x78f7228e4b7a9f611852101c334cca00a3a1f1e9d53acfdb81d7d	3	AGACAGTGAGGATATAGTAAGTAGGACGCGTACTTACCGACCTAAATTCCTTGCACCGTGGCTCGCCCGGTCGGGACAATAGGCAGATCTATGATTGTAAGCCGTGCC	c702bc30c6525ad3450e2bd70885855770557b42176fb0ecd97a3aa08eb75302	1.0017176956583993
GCall	P5_combined_context	2	29	195	16	211	0x7d6e04b85c2fcb023524a21b75dcba7b4c9eb82ab31804b18	0x7d6e04b85c2fcb023524a21b75dcba7b4c9eb82ab31804b18c6ea	1	TACATGGAGCCCAACCGCTCCCGCGAACCTCAGCCGGGAACATGCGGAAGTTGATGCCGTGCTAGGCTGTACGACGCTAACATCACTCATGTAACATTGTTGGTTATA	13ab6e7c9664cd205a4ffdab6681f9b86d4b61a75f99b1215a3c4c3a61e4c401	1.0028439894611592
GCall	P5_combined_context	2	30	195	16	211	0x7fffffffffffffffffffffffffffffffffffffffffffffffe	0x7fffffffffffffffffffffffffffffffffffffffffffffffe9da1	1	AGCTCATGTTACCCTCAGGTTCCAAGAGAGTTACGATACTGAGTGCCACGTAGACAAATCCGCGGCCATTTGACTACCCTGCGCCATAAGGGATAACCCATCAACTTT	67d5bda7c7c58f8e89369796d297dc4eb6a8e9cb06f1be5e75d6336db1cecc70	1.0044735744667659
GCall	P5_combined_context	2	31	195	16	211	0x7ffffffffffffffffffffffffffffffffffffffffffffffff	0x7ffffffffffffffffffffffffffffffffffffffffffffffff8d80	1	ACATTTACTGCCCTCCGACGATGGAACTAAGGAGTACTCGAACCGAGCTCGTAATACGCGCTGATATTCCAACCTACGGGATCCCAGCCCGCGCTCGAATTCTGCATG	dcfec157f93834e329e9ce3c247b742782e7e93e2e943ad9d47e0774949c652b	1.0025500942546755
GCfix	P5_combined_context	2	0	195	16	211	0x0	0x86c1	0	CTTGTAGAATTACCGAGTCAACGCAATAGACTAGCAGTCTTCAGACAGGTAAAGCCCAACTGAATCGCGGATGCTTGCCTCGTGCACTGCGCACCTATTGCTATCACC	7c9be69cdce9baa97df2ef1f833bd02ff32567fb2aa300d299dfaaad437e447f	1.003346653311538
GCfix	P5_combined_context	2	1	195	16	211	0x1	0x196e0	0	GTCAAACGATCATCCTTTGATACCGTAATTCACCTCTGCGTCTTATACTGGGTCGCGAATACAGTCTTGTGAGTCCCGGTGACGTGGAATCGCATGCAGAGGTATCGA	00df7fc34bcd4269944114264af8d8ee1f4437aedb3acf60ea60167de6702999	1.001236063579976
GCfix	P5_combined_context	2	2	195	16	211	0x23e4678003f9ca13e4f212a836277507c8b7db9979e3ba56	0x23e4678003f9ca13e4f212a836277507c8b7db9979e3ba56b827	2	CTAGTGGTTATACGCGCAGGCTTGCATTATTACGACGCCGCGAGATTTACATCTCCGGATGACCGACGACTCGTCAAGTCTATGCTTTGTCGGCGCGTACTGCTGGGA	5ca8f2315cc4309041f6e406168702c113e74047496287cd501a84ed76cb07a0	1.0024775230576173
GCfix	P5_combined_context	2	3	195	16	211	0x38472c69a870ac8a50d2c8da7643e63536e366f39bb2f36c	0x38472c69a870ac8a50d2c8da7643e63536e366f39bb2f36c39a3	0	ACTACGTACTATGACTTTCATATCAATCCCATTTCGCTGCTGGAGACACTCCCTGCCATACACGTACCTCGAAATGGAAGGAGGAGCATATTAAGCGCGAAGCAGCTG	ce83a8869ee62c9e029e4ae01a531a835d997414c931586f97882eebbcd390fc	1.0045933780129632
GCfix	P5_combined_context	2	4	195	16	211	0x62e8fe43afdbf82a57d2955c7b4b4a96d88bdce6d56c407f	0x62e8fe43afdbf82a57d2955c7b4b4a96d88bdce6d56c407f964e	2	AACTAGCTTAGCTTTACTGTTACAGACGCAAGAATCCCAATGCGGCTCGGGAGGGTAGCGAGAGTCATTTGCAAACAAAGTAATGAACATCCAGCCTCTATGTCATTC	381021702804e03793ab49a7dfacfbfc110a3e9141243190ca8b274a96adec34	1.0026556784776326
GCfix	P5_combined_context	2	5	195	16	211	0x8ede5205cf7fdff40e8cd9a1f55cb87717bf957906093b38	0x8ede5205cf7fdff40e8cd9a1f55cb87717bf957906093b382c0b	0	ACACCCAAAGTTTGGCGCCATGAAGCGCCATTCGGCAATAGCAGATCCTTAGGTTCCCGTCAGACATTTGCACTACGCATGTGCTACGGAACTGGAGCATCATCTGAA	d2558204dd5ba325806a8bc8202adaf00d634f59cb98d4e25f15988d78f7758f	1.0029242691461804
GCfix	P5_combined_context	2	6	195	16	211	0x124166cf04af814caac98aab245298c7282a6b045972fb221	0x124166cf04af814caac98aab245298c7282a6b045972fb2212f0d	1	ATATATCGCGATGCTGTTTCGCGGGATTCTGCAAGCTTCTGAGACACGGGACATTACCTCACGGCATGGTGAGGTGTACGACGGTATACTATAGTCCAATTTCATATA	e0bcde010085f02f8dcef8fe8a6526871064c7cade0b69c9a975be27570b88f6	1.001329241673504
GCfix	P5_combined_context	2	7	195	16	211	0x151adf5d60540aece6b93cc4bdfc61dcec7a4e65a8025b9e5	0x151adf5d60540aece6b93cc4bdfc61dcec7a4e65a8025b9e5f450	0	CACGAGGATTGTAACGATGAAAGGCCTGTCTTTGAATGGCCCGCGAATGTGAATTCGCCCTTTAATGTTACACAAGATCTCCAATCCGTTGCAAGTGGCCCAGGTTCG	926593a9389288b71a2f206e784e8137b0c2ff74acda2709b4c0d7be52e21522	1.0040019342133932
GCfix	P5_combined_context	2	8	195	16	211	0x1a78ea7a4054c816dea38782112e0cfe213d9ebdbd9a83174	0x1a78ea7a4054c816dea38782112e0cfe213d9ebdbd9a831740963	2	ATTCGCTATTGCGTACTGACCGACCCTACTGACGTACGGACCATCTGGCAATGATCCTGGCCTTCAGATAGACTGACTACCAGTCATGGCACATCCTACCTTCAAAGT	92f8ca2d1c1b1a71da8b33da1e4bf977af34d33ec5369e57482c7ab82cb847fe	1.003177962118511
GCfix	P5_combined_context	2	9	195	16	211	0x1ab73ebd39ee001e3e86f5406162736af44fc65f66c443b2d	0x1ab73ebd39ee001e3e86f5406162736af44fc65f66c443b2d1db5	2	TGGTGGCTCACAGTCGACTTCCACCGGACTACGTTGCCGTGTCCTCGTCAGTAAACATCAATAAGAATTTACATCCGCCAACAGCTATGTAGCTGATAGCAGGAACGA	a9b8da49f551a7de14a6b59e788798142074c7ab9a1e3d9eef746f4ba8873761	1.003749897796708
GCfix	P5_combined_context	2	10	195	16	211	0x1c8b0ace43e076d90e2ecec92011abcca57209f61f5bb8240	0x1c8b0ace43e076d90e2ecec92011abcca57209f61f5bb824057f8	1	ATTCTTAACTTGACTTAGTCTCAACGCGAATCCTGAGTCTGGAAATGCGAACGCTGCCCTCCCTGTCGTTTCATTAGGATTATTGGTCTAAGTGTGAGCTAAGACGCG	63b31d52c544343b675550f889979e4b48debcf6cad67c5c53f47438288f312d	1.0009715675472104
GCfix	P5_combined_context	2	11	195	16	211	0x21b5f2624c327b9b9645a3b9eef3959618ee10806015757ca	0x21b5f2624c327b9b9645a3b9eef3959618ee10806015757ca35f2	0	TATTGCTATACACGGGATAGGTAACAGTGCGTGATGAGTGAATCTTGACAGTCGGTCTGAAGACAGCATCCACACATTTCCGGTGAACGGTTACCACTCACCAAGAGT	a2d5193d9580b5915e53199b121f8d7226151dc05c62f00a978be88879d6522b	1.0035750296946313
GCfix	P5_combined_context	2	12	195	16	211	0x229efcb39bdab576ff563bdb3db4ad1008804c4dc8d2199f7	0x229efcb39bdab576ff563bdb3db4ad1008804c4dc8d2199f75aed	0	GACTTAAGAACCGTCTGTGGAGAAACGTACAGACAGGCGTGACTAGTCCTCGCCGGAAGCAGAAGGACAGGAAAGTTAACTCTATGCGACTGCACTCAATTTAATCAC	847e63f4454ad366034a2810acb969b0dbf3e94bda20cb52df7dd45c5bac9777	1.0022980670872879
GCfix	P5_combined_context	2	13	195	16	211	0x2aaaaaaaaaaaaaaaaaaaaaaaaaaaaaaaaaaaaaaaaaaaaaaaa	0x2aaaaaaaaaaaaaaaaaaaaaaaaaaaaaaaaaaaaaaaaaaaaaaaa8fe1	2	ATCTAATACTTTGACTTGTTCTGCGCCTTGGCTGAACCCATAGAGTCTTTCCAAGGGTGACTTCGTGGCCACCCAACGCGTAGCCACCTGCCAACTTTACGTTAACCT	d5f2e9b740a9dbfcd939ffe3093a56f57bc9511d4039887dddc5129d62024665	1.0045611207365475
GCfix	P5_combined_context	2	14	195	16	211	0x2b9a015ea22753b73283e6be2e44379a2326f7a2cdd7f195c	0x2b9a015ea22753b73283e6be2e44379a2326f7a2cdd7f195c9136	3	CATAAGTCTTGATAAACCTGGCAGTCACTCCAAATCAGGAAACCACATTCATGAAGGATAAATGGGCATGCCCGTCACGGCCTCAGTTGCGGGTTGTCTACACAAGCG	c50371b637c94ffa600306a94684858fc2e86d15ed38941b17362c0e0ff9d758	1.0039801646787196
GCfix	P5_combined_context	2	15	195	16	211	0x2e736b3175c27da3adb17f23d602826213372015c574c0325	0x2e736b3175c27da3adb17f23d602826213372015c574c03255d51	2	TGTACCGAAATACTTGACCAACACCTTACAGCTGGTACGCTAATAGTTGCCAATAACGCCAGTGGGCAAACATAGCGTTCACCCTAGTCGAGATTGACGTCCGTTCAC	2de9f27777d8ec1cc6cff6b40ae089cacba86d7e4bb544844371302155401c42	1.001106333457078
GCfix	P5_combined_context	2	16	195	16	211	0x3098b76265bdc020243116169270fd17cb3b96e3d26e39c3d	0x3098b76265bdc020243116169270fd17cb3b96e3d26e39c3de615	3	CACTACAACCTGACGATAATGTGCGGTGGGCATGTTTCCATTATTGTCACATTGTGCCTCCATCGCAGTATCGCTCACCGAATGCAAGTACCTTCTCCCGTCAGCTTT	629d8c341361e92d02184f3b1155cd55a6c48a1fd6bcd6c361a3d5ff5b261a60	1.0027982887448248
GCfix	P5_combined_context	2	17	195	16	211	0x317442be0bf0a22cd814f3cabd2b5f402e9ebe96fd12b0998	0x317442be0bf0a22cd814f3cabd2b5f402e9ebe96fd12b0998150a	0	GCACTAAGTTTAAACCTGTAAACGTGGCCAATTTCCGTAGACGCGGGCTAGATTCGTGACATGTTCAATAAGACGACGTCTATCCACGATGGATACGGAACGGTCTGG	9efa3a072afb1b7e7040d009a94059d5f13d5720b849287e0b555cf87ca2fc24	1.003409342275071
GCfix	P5_combined_context	2	18	195	16	211	0x38397ff8dd43ff41ee5847bbe3c55b273bcd9eb24c28657c9	0x38397ff8dd43ff41ee5847bbe3c55b273bcd9eb24c28657c9790b	2	AGTACTAAACTCAGTGGATAGGCTCGACTTAGCCGGTGACCCATTCGGACGATTAAAGGGCCTGTCCTCACACCAACCCAACAATTCTAACCTGGCCAATGCCTGTCC	368319cbf01f6a2f809f37bf7f80e2806a41059c08d8559de00074c76c5e05a7	1.0020025964333703
GCfix	P5_combined_context	2	19	195	16	211	0x3ba52bdc2a916c7267388d05c7b8e2624b635fac826381e7c	0x3ba52bdc2a916c7267388d05c7b8e2624b635fac826381e7c0feb	3	CGCGCAGACTACATCCCGGTTGTTGGTACTATCCTTGGACGGTGACGCTTCTCTCCGTAAGCGGCTTCTCTTTGTCCCGACTTATTTCTGGTCGTTCGAACATTTCAG	bab328ff3f90b185cffb7c631428f8d68ad13eccb4942ffd608a94cd5b0e5ac3	1.003371962725691
GCfix	P5_combined_context	2	20	195	16	211	0x4000000000000000000000000000000000000000000000000	0x40000000000000000000000000000000000000000000000008030	1	AGGCATATACCGGGCCACCCTCTGTTAGTGTACCCGACGTAGCTCCACGTGATTGAGAACCGCACATGGCTCTTGGACCCTTTGACCATACCTTAAGGCAGATATTAA	fd833e05f3395f0caeee98b79ba54dd98958da4afa82d810be68d9e8dd3b8b2c	1.0011190590263201
GCfix	P5_combined_context	2	21	195	16	211	0x42edc7ef7b6df3a801c199e3f209843a1ef9a8c0dc62a1d10	0x42edc7ef7b6df3a801c199e3f209843a1ef9a8c0dc62a1d10628c	2	CCTAGGTAGCCTCATACGCGCAAGCCCGAAGTGCTGGCCCACCTTTGACATACAATATGCCCGGGAATGAATACTACGTCAAGGCGGCCGTTTACTAATCGGGAGAAG	9b0bfb8f0ae4ef80b9d46da55bb5a709afa5261fa2b20da0319768d90646bc19	1.0039923879867245
GCfix	P5_combined_context	2	22	195	16	211	0x4c12ab099e611f248a4020c864603d71c57cc6c65115fafaa	0x4c12ab099e611f248a4020c864603d71c57cc6c65115fafaa0688	3	GCTAGCTGGAGTCTCGCTTGTTTCTGTGTCTGTAAAGGTATAAATCGAGAATCGCGCCCGACGCCACATTATCGCACGAATCCCAATGTTCGACCTGCACTCGTCTGA	47a9981f6e307a8e0c376b79af581e2b29fdb3d21c2ac57312322e9a65cfcb98	1.002275267376126
GCfix	P5_combined_context	2	23	195	16	211	0x54ee2040af23ca5fabb597b851397217fced781336823f5e6	0x54ee2040af23ca5fabb597b851397217fced781336823f5e686ce	1	ATTTCGCATAAATCTACTATGTCCGAATATGGTCAGAGATCTAGTGGTGGATTATTGCGCACCCGCAACTGCTCGTGAATCTGATAGCATCCTGCAAAGAGCTGGTCG	22b968907f803632d298828b78d37c7ffab2523e10a5d250e4ab6e1ec2f34a37	1.0021441317451243
GCfix	P5_combined_context	2	24	195	16	211	0x5a7b04843b7b239e141811dcb1ef3114d73d409f9e4abafa6	0x5a7b04843b7b239e141811dcb1ef3114d73d409f9e4abafa679f1	0	GCGTATCACGCGTTCGCAGTCCAGACCAGTTTGGACAATCTTGAATGCTCCTCCAATTTATAACAAAGTTCTTCGGCGTTGGAGTTAACTCAGACTTTAACCAACGGT	c52ec5e48697ca3a060b24e9554b751fa8be94873d604c72fb349f3d28d9e6f1	1.0009974152021852
GCfix	P5_combined_context	2	25	195	16	211	0x7159493825a95305d5609d2535460bacccf220bfb2fd3ed74	0x7159493825a95305d5609d2535460bacccf220bfb2fd3ed749c95	0	CCGTGAAACTGGTGAAGTAGGTTTGCGTCGCAGCTATTCAGATCTATATGCTATCGCCATAGAGGATGACTGGTACCACAGGAATAGCGTCACGGGAGGCCACTACTC	1aa4468f67fd39154c3d2c6fa03f55859a3e2c57ce252216bd1d7490649543cc	1.0010996092871496
GCfix	P5_combined_context	2	26	195	16	211	0x7564f1d04450f2977a608045ddfb8134969dce626799e6561	0x7564f1d04450f2977a608045ddfb8134969dce626799e65610b6a	0	CGCCGGTCTAGGTCTCTGTCTACGGCGTGCGGGCTATCCGTACACCGAGGGACTGAAATGTACACTATTTGAGGCCTAACTAATAAGGCGTGAAACGATTGTCATGAT	cf9fb77386db85e698d1fca53ad57cd9ef943f6a491bfbd0333c447cae442a52	1.0010443948999428
GCfix	P5_combined_context	2	27	195	16	211	0x77f2ca333d780dbbecb5ac7635a52a28234984e928c9aa7f0	0x77f2ca333d780dbbecb5ac7635a52a28234984e928c9aa7f038b8	0	GACCTAGCCTCTCGAATCACAAAGGCTTCCGGAGAGGATCAAGCATAGTGATATCACTGTCCTTCCCTATCCAGACCTGCTGACGGACGGAAAGTAAGGACGACGGCA	20213ebe59651ae435526931aedc08805dbe0e2d073ddff9411b3afa5f3962bc	1.0026085749773743
GCfix	P5_combined_context	2	28	195	16	211	0x78f7228e4b7a9f611852101c334cca00a3a1f1e9d53acfdb8	0x78f7228e4b7a9f611852101c334cca00a3a1f1e9d53acfdb81d7d	3	AGACAGTGAGGATATAGTAAGTAGGACGCGTACTTACCGACCTAAATTCCTTGCACCGTGGCTCGCCCGGTCGGGACAATAGGCAGATCTATGATTGTAAGCCGTGCC	c702bc30c6525ad3450e2bd70885855770557b42176fb0ecd97a3aa08eb75302	1.0021696457926035
GCfix	P5_combined_context	2	29	195	16	211	0x7d6e04b85c2fcb023524a21b75dcba7b4c9eb82ab31804b18	0x7d6e04b85c2fcb023524a21b75dcba7b4c9eb82ab31804b18c6ea	1	TACATGGAGCCCAACCGCTCCCGCGAACCTCAGCCGGGAACATGCGGAAGTTGATGCCGTGCTAGGCTGTACGACGCTAACATCACTCATGTAACATTGTTGGTTATA	13ab6e7c9664cd205a4ffdab6681f9b86d4b61a75f99b1215a3c4c3a61e4c401	1.002938949027816
GCfix	P5_combined_context	2	30	195	16	211	0x7fffffffffffffffffffffffffffffffffffffffffffffffe	0x7fffffffffffffffffffffffffffffffffffffffffffffffe9da1	1	AGCTCATGTTACCCTCAGGTTCCAAGAGAGTTACGATACTGAGTGCCACGTAGACAAATCCGCGGCCATTTGACTACCCTGCGCCATAAGGGATAACCCATCAACTTT	67d5bda7c7c58f8e89369796d297dc4eb6a8e9cb06f1be5e75d6336db1cecc70	1.0046549164787075
GCfix	P5_combined_context	2	31	195	16	211	0x7ffffffffffffffffffffffffffffffffffffffffffffffff	0x7ffffffffffffffffffffffffffffffffffffffffffffffff8d80	1	ACATTTACTGCCCTCCGACGATGGAACTAAGGAGTACTCGAACCGAGCTCGTAATACGCGCTGATATTCCAACCTACGGGATCCCAGCCCGCGCTCGAATTCTGCATG	dcfec157f93834e329e9ce3c247b742782e7e93e2e943ad9d47e0774949c652b	1.0020400614369833
