dataset	evaluation	pool_or_direction	endpoint	comparison	baseline_model	extended_model	retention_fraction	delta_selected_mean	delta_selected_mean_ci_2p5	delta_selected_mean_ci_97p5	delta_selected_event_rate	delta_event_rate_ci_2p5	delta_event_rate_ci_97p5	n_sequences	bootstrap_unit
DT4DDS	repeated_nested_oof	Genscript_GCall	day7_vs_day0_log2fc_plus1	calibration_vs_frozen_proxy	F0_frozen_low_proxy	D2_assay_calibrated	0.1	-0.0005996802740384638	-0.022820742987534386	0.021877359266959055	0.001602564102564102	-0.0023709509454414527	0.0055982323516873414	12472	sequence; conditional on frozen OOF or transfer predictions
DT4DDS	repeated_nested_oof	Genscript_GCall	day7_vs_day0_log2fc_plus1	structural_rules_vs_composition	D0_composition	D1_structural_rules	0.1	0.0015935670472756458	-0.024553779997873962	0.029549025859117412	0.0	-0.005489250714953786	0.005484426117508558	12472	sequence; conditional on frozen OOF or transfer predictions
DT4DDS	repeated_nested_oof	Genscript_GCall	day7_vs_day0_log2fc_plus1	weighted_increment	D1_structural_rules	D2_assay_calibrated	0.1	-0.0006917858629807705	-0.0078794935479424	0.00506852050609831	0.000801282051282051	-5.163550123428019e-05	0.0024988123499540917	12472	sequence; conditional on frozen OOF or transfer predictions
DT4DDS	repeated_nested_oof	Genscript_GCall	day7_vs_day0_log2fc_plus1	calibration_vs_frozen_proxy	F0_frozen_low_proxy	D2_assay_calibrated	0.25	0.003250809713919174	-0.009417179912911895	0.015749653490741977	-0.0006414368184733807	-0.00263964456656363	0.001350561786634319	12472	sequence; conditional on frozen OOF or transfer predictions
DT4DDS	repeated_nested_oof	Genscript_GCall	day7_vs_day0_log2fc_plus1	structural_rules_vs_composition	D0_composition	D1_structural_rules	0.25	0.00021015804874920108	-0.013284990639232072	0.013781287609213688	0.0	-0.0029468472274510335	0.0030392116504539828	12472	sequence; conditional on frozen OOF or transfer predictions
DT4DDS	repeated_nested_oof	Genscript_GCall	day7_vs_day0_log2fc_plus1	weighted_increment	D1_structural_rules	D2_assay_calibrated	0.25	-0.0005705255028864709	-0.0026952196779437103	0.0014881933985219419	0.0	-3.721866568428469e-05	3.6328257987324146e-05	12472	sequence; conditional on frozen OOF or transfer predictions
DT4DDS	repeated_nested_oof	Genscript_GCall	day7_vs_day0_log2fc_plus1	calibration_vs_frozen_proxy	F0_frozen_low_proxy	D2_assay_calibrated	0.5	0.003059594999839637	-0.004496123996273802	0.009962724316545029	-0.00016035920461834538	-0.0016152478021845018	0.001255916815314649	12472	sequence; conditional on frozen OOF or transfer predictions
DT4DDS	repeated_nested_oof	Genscript_GCall	day7_vs_day0_log2fc_plus1	structural_rules_vs_composition	D0_composition	D1_structural_rules	0.5	0.005612289291853756	-0.002075524169210318	0.013290303979052228	-0.0017639512508017957	-0.0033637232502977113	-0.00024213611206957766	12472	sequence; conditional on frozen OOF or transfer predictions
DT4DDS	repeated_nested_oof	Genscript_GCall	day7_vs_day0_log2fc_plus1	weighted_increment	D1_structural_rules	D2_assay_calibrated	0.5	-0.0007699770845093039	-0.0018557530328177593	0.00029730691745723123	0.0001603592046183445	-1.3142596866533425e-05	0.000492163255262667	12472	sequence; conditional on frozen OOF or transfer predictions
DT4DDS	repeated_nested_oof	Genscript_GCall	mean_log2_cpm_plus1	calibration_vs_frozen_proxy	F0_frozen_low_proxy	D2_assay_calibrated	0.1	0.010075185415865384	-0.08364449697527418	0.10296257657565006	0.003205128205128204	-0.004392195322290196	0.010285546278635637	12472	sequence; conditional on frozen OOF or transfer predictions
DT4DDS	repeated_nested_oof	Genscript_GCall	mean_log2_cpm_plus1	structural_rules_vs_composition	D0_composition	D1_structural_rules	0.1	0.1320662769302885	0.0065083170760599	0.26403977588933225	-0.016025641025641028	-0.02893243219287589	-0.002840980471073215	12472	sequence; conditional on frozen OOF or transfer predictions
DT4DDS	repeated_nested_oof	Genscript_GCall	mean_log2_cpm_plus1	weighted_increment	D1_structural_rules	D2_assay_calibrated	0.1	-0.04045904170112191	-0.07529004230803875	-0.0036405576908796677	-0.0008012820512820519	-0.0036448823716720424	0.0016386633519198477	12472	sequence; conditional on frozen OOF or transfer predictions
DT4DDS	repeated_nested_oof	Genscript_GCall	mean_log2_cpm_plus1	calibration_vs_frozen_proxy	F0_frozen_low_proxy	D2_assay_calibrated	0.25	-0.004949251861128268	-0.051079913188813574	0.04079875146490252	0.002245028864656832	-0.0016394126266655695	0.006424954595848749	12472	sequence; conditional on frozen OOF or transfer predictions
DT4DDS	repeated_nested_oof	Genscript_GCall	mean_log2_cpm_plus1	structural_rules_vs_composition	D0_composition	D1_structural_rules	0.25	0.0865872377004493	0.014789463779952895	0.16218463415307938	-0.008980115458627324	-0.015687513648880703	-0.0022332921035368436	12472	sequence; conditional on frozen OOF or transfer predictions
DT4DDS	repeated_nested_oof	Genscript_GCall	mean_log2_cpm_plus1	weighted_increment	D1_structural_rules	D2_assay_calibrated	0.25	0.005024794410519284	-0.009851223841053192	0.01986471450419687	0.0	-0.0012691479670464902	0.0012675565661693893	12472	sequence; conditional on frozen OOF or transfer predictions
DT4DDS	repeated_nested_oof	Genscript_GCall	mean_log2_cpm_plus1	calibration_vs_frozen_proxy	F0_frozen_low_proxy	D2_assay_calibrated	0.5	-0.003657085647049918	-0.02790322232646867	0.020608890482270895	0.0016035920461834503	-0.00039899167039008607	0.003676249647252328	12472	sequence; conditional on frozen OOF or transfer predictions
DT4DDS	repeated_nested_oof	Genscript_GCall	mean_log2_cpm_plus1	structural_rules_vs_composition	D0_composition	D1_structural_rules	0.5	0.07957766404939015	0.03812587253467799	0.12456347691995022	-0.0075368826170622155	-0.011681995476343103	-0.003702355193526583	12472	sequence; conditional on frozen OOF or transfer predictions
DT4DDS	repeated_nested_oof	Genscript_GCall	mean_log2_cpm_plus1	weighted_increment	D1_structural_rules	D2_assay_calibrated	0.5	-0.007122812281591173	-0.0148984640358935	0.0004029396288857721	0.00032071840923669076	-0.0004273502825869779	0.0011582445067043375	12472	sequence; conditional on frozen OOF or transfer predictions
DT4DDS	repeated_nested_oof	Twist_GCall	day7_vs_day0_log2fc_plus1	calibration_vs_frozen_proxy	F0_frozen_low_proxy	D2_assay_calibrated	0.1	-0.0024018024241666634	-0.014561522394750365	0.009189540990636898	0.0	0.0	0.0	12000	sequence; conditional on frozen OOF or transfer predictions
DT4DDS	repeated_nested_oof	Twist_GCall	day7_vs_day0_log2fc_plus1	structural_rules_vs_composition	D0_composition	D1_structural_rules	0.1	0.01754397955583333	0.002403474971678945	0.03363375625125574	0.0	0.0	0.0	12000	sequence; conditional on frozen OOF or transfer predictions
DT4DDS	repeated_nested_oof	Twist_GCall	day7_vs_day0_log2fc_plus1	weighted_increment	D1_structural_rules	D2_assay_calibrated	0.1	-0.003409765274166662	-0.007024715573692934	0.00015526943705475944	0.0	0.0	0.0	12000	sequence; conditional on frozen OOF or transfer predictions
DT4DDS	repeated_nested_oof	Twist_GCall	day7_vs_day0_log2fc_plus1	calibration_vs_frozen_proxy	F0_frozen_low_proxy	D2_assay_calibrated	0.25	0.0002635682783333308	-0.005786108108385396	0.006782765997815131	-0.0013333333333333335	-0.0027075082051081258	-0.0003266809049586289	12000	sequence; conditional on frozen OOF or transfer predictions
DT4DDS	repeated_nested_oof	Twist_GCall	day7_vs_day0_log2fc_plus1	structural_rules_vs_composition	D0_composition	D1_structural_rules	0.25	0.008012057255999998	-0.0009799952556959598	0.016670303751459625	0.0	-0.0009759350703050748	0.0009950248756218905	12000	sequence; conditional on frozen OOF or transfer predictions
DT4DDS	repeated_nested_oof	Twist_GCall	day7_vs_day0_log2fc_plus1	weighted_increment	D1_structural_rules	D2_assay_calibrated	0.25	0.00010368973566666616	-0.0010965046706508258	0.0013236513718507487	0.0	-2.944393111459207e-06	3.090503754235306e-06	12000	sequence; conditional on frozen OOF or transfer predictions
DT4DDS	repeated_nested_oof	Twist_GCall	day7_vs_day0_log2fc_plus1	calibration_vs_frozen_proxy	F0_frozen_low_proxy	D2_assay_calibrated	0.5	0.0012504528809999997	-0.002118966494048862	0.0045834857251929395	-0.0005	-0.001155245359859725	0.0	12000	sequence; conditional on frozen OOF or transfer predictions
DT4DDS	repeated_nested_oof	Twist_GCall	day7_vs_day0_log2fc_plus1	structural_rules_vs_composition	D0_composition	D1_structural_rules	0.5	0.0068064101104999995	0.0018481307118246298	0.012042392291424935	0.0003333333333333334	-0.0003477589452590689	0.0011509367381841115	12000	sequence; conditional on frozen OOF or transfer predictions
DT4DDS	repeated_nested_oof	Twist_GCall	day7_vs_day0_log2fc_plus1	weighted_increment	D1_structural_rules	D2_assay_calibrated	0.5	-0.0002784266716666658	-0.001034810580623903	0.0004212903092873341	0.0	-3.6902056165796686e-06	3.631500934655232e-06	12000	sequence; conditional on frozen OOF or transfer predictions
DT4DDS	repeated_nested_oof	Twist_GCall	mean_log2_cpm_plus1	calibration_vs_frozen_proxy	F0_frozen_low_proxy	D2_assay_calibrated	0.1	-0.031557996247500775	-0.0705901509323242	0.005934921653352295	0.0008333333333333333	-0.002557873490292507	0.0047373913360879445	12000	sequence; conditional on frozen OOF or transfer predictions
DT4DDS	repeated_nested_oof	Twist_GCall	mean_log2_cpm_plus1	structural_rules_vs_composition	D0_composition	D1_structural_rules	0.1	-0.012318669978332863	-0.049491666407006994	0.026139884713598096	0.0016666666666666666	-0.001651473914003577	0.005085178139052228	12000	sequence; conditional on frozen OOF or transfer predictions
DT4DDS	repeated_nested_oof	Twist_GCall	mean_log2_cpm_plus1	weighted_increment	D1_structural_rules	D2_assay_calibrated	0.1	0.0027440951699988503	-0.004808109554071871	0.010511435005816916	0.0	-5.32359753169859e-05	5.667666325935393e-05	12000	sequence; conditional on frozen OOF or transfer predictions
DT4DDS	repeated_nested_oof	Twist_GCall	mean_log2_cpm_plus1	calibration_vs_frozen_proxy	F0_frozen_low_proxy	D2_assay_calibrated	0.25	-0.005538782838000245	-0.024042120447867354	0.012891335771273585	0.000666666666666667	-0.0006408686114139574	0.002035990965168205	12000	sequence; conditional on frozen OOF or transfer predictions
DT4DDS	repeated_nested_oof	Twist_GCall	mean_log2_cpm_plus1	structural_rules_vs_composition	D0_composition	D1_structural_rules	0.25	0.0076630771500001416	-0.011970942912292393	0.028130715418491544	-0.0006666666666666665	-0.0027840112288026915	0.0013503832316403808	12000	sequence; conditional on frozen OOF or transfer predictions
DT4DDS	repeated_nested_oof	Twist_GCall	mean_log2_cpm_plus1	weighted_increment	D1_structural_rules	D2_assay_calibrated	0.25	-0.0027700255096672066	-0.00885769476871443	0.002297467115226358	0.0003333333333333335	-2.2311873782150097e-05	0.001027405581285702	12000	sequence; conditional on frozen OOF or transfer predictions
DT4DDS	repeated_nested_oof	Twist_GCall	mean_log2_cpm_plus1	calibration_vs_frozen_proxy	F0_frozen_low_proxy	D2_assay_calibrated	0.5	0.003257042304332103	-0.0063858129171128425	0.012956933509906962	0.0003333333333333335	-0.00032100868686021786	0.0010024731984299383	12000	sequence; conditional on frozen OOF or transfer predictions
DT4DDS	repeated_nested_oof	Twist_GCall	mean_log2_cpm_plus1	structural_rules_vs_composition	D0_composition	D1_structural_rules	0.5	-0.0001755875698341569	-0.009522214713813426	0.009494167644583742	0.0	-0.0008279632568619439	0.0008528598532409717	12000	sequence; conditional on frozen OOF or transfer predictions
DT4DDS	repeated_nested_oof	Twist_GCall	mean_log2_cpm_plus1	weighted_increment	D1_structural_rules	D2_assay_calibrated	0.5	0.00046587867083225376	-0.003738869116116761	0.004731060367643902	0.0	-0.0004992250964106406	0.0004971248312480485	12000	sequence; conditional on frozen OOF or transfer predictions
Gimpel2025_PCR	repeated_nested_oof	GCall	relative_efficiency	assay_context_increment	P1_variable_structure	P2_assay_context	0.1	0.0008107355524971105	0.00038774690157191707	0.0012639837960935429	-0.0125	-0.020029052975040474	-0.00577885694282541	11998	sequence; conditional on frozen OOF or transfer predictions
Gimpel2025_PCR	repeated_nested_oof	GCall	relative_efficiency	calibration_vs_frozen_proxy	F0_frozen_low_proxy	P5_combined_context	0.1	0.0035332607350103684	0.0031046974267576687	0.003999891418835441	-0.0175	-0.027353615673963834	-0.009066457476743594	11998	sequence; conditional on frozen OOF or transfer predictions
Gimpel2025_PCR	repeated_nested_oof	GCall	relative_efficiency	full_amplicon_replacement_sensitivity	P3_assay_calibrated	P6_full_amplicon_replacement	0.1	0.0005991959184175055	0.0003030200187438159	0.0009440011623057448	-0.005833333333333333	-0.010430829828417254	-0.0017693588596993908	11998	sequence; conditional on frozen OOF or transfer predictions
Gimpel2025_PCR	repeated_nested_oof	GCall	relative_efficiency	full_structural_context_increment	P3_assay_calibrated	P4_full_structural_context	0.1	0.00018762711888298256	-8.113401742722015e-05	0.00045235942798292254	-0.0024999999999999996	-0.006771400533267621	0.0016849843101524045	11998	sequence; conditional on frozen OOF or transfer predictions
Gimpel2025_PCR	repeated_nested_oof	GCall	relative_efficiency	full_weighted_increment	P4_full_structural_context	P5_combined_context	0.1	0.0005929641648636519	0.000266388725324046	0.0009780625227020167	-0.0025000000000000005	-0.008089751832225834	0.002602188834596426	11998	sequence; conditional on frozen OOF or transfer predictions
Gimpel2025_PCR	repeated_nested_oof	GCall	relative_efficiency	variable_structure_vs_composition	P0_composition	P1_variable_structure	0.1	-2.2980120476967514e-05	-0.0003322603720812778	0.00029650819010947885	0.0	-0.005757307737337831	0.006008608437778834	11998	sequence; conditional on frozen OOF or transfer predictions
Gimpel2025_PCR	repeated_nested_oof	GCall	relative_efficiency	weighted_increment	P2_assay_context	P3_assay_calibrated	0.1	2.776803702753128e-06	-2.7789799750860267e-05	3.828326108559765e-05	0.0	-7.20212242138283e-05	6.484375763789998e-05	11998	sequence; conditional on frozen OOF or transfer predictions
Gimpel2025_PCR	repeated_nested_oof	GCall	relative_efficiency	assay_context_increment	P1_variable_structure	P2_assay_context	0.25	0.0006449810858142335	0.0003878428543812318	0.0009123755565296319	-0.012	-0.01647261978675638	-0.007686997764343404	11998	sequence; conditional on frozen OOF or transfer predictions
Gimpel2025_PCR	repeated_nested_oof	GCall	relative_efficiency	calibration_vs_frozen_proxy	F0_frozen_low_proxy	P5_combined_context	0.25	0.0031024515837534405	0.0028113462277793823	0.0034299429884672716	-0.019666666666666666	-0.025413088629325772	-0.014650461571002317	11998	sequence; conditional on frozen OOF or transfer predictions
Gimpel2025_PCR	repeated_nested_oof	GCall	relative_efficiency	full_amplicon_replacement_sensitivity	P3_assay_calibrated	P6_full_amplicon_replacement	0.25	0.0004927266139593822	0.00032125905702644065	0.0006710224989949221	-0.0036666666666666666	-0.006425754846632873	-0.001011800337442751	11998	sequence; conditional on frozen OOF or transfer predictions
Gimpel2025_PCR	repeated_nested_oof	GCall	relative_efficiency	full_structural_context_increment	P3_assay_calibrated	P4_full_structural_context	0.25	0.00024805403565064665	6.565787553982072e-05	0.0004228750990331651	-0.00033333333333333305	-0.002997278747168043	0.0023246389760344776	11998	sequence; conditional on frozen OOF or transfer predictions
Gimpel2025_PCR	repeated_nested_oof	GCall	relative_efficiency	full_weighted_increment	P4_full_structural_context	P5_combined_context	0.25	0.0005170819551383321	0.0003641400992598964	0.0006953931438120453	-0.004666666666666666	-0.007521968434163747	-0.0020180242233416457	11998	sequence; conditional on frozen OOF or transfer predictions
Gimpel2025_PCR	repeated_nested_oof	GCall	relative_efficiency	variable_structure_vs_composition	P0_composition	P1_variable_structure	0.25	0.00022499963911304377	6.494090198483904e-05	0.00039378780356674184	-0.0019999999999999983	-0.005191123544583152	0.0009283067663390614	11998	sequence; conditional on frozen OOF or transfer predictions
Gimpel2025_PCR	repeated_nested_oof	GCall	relative_efficiency	weighted_increment	P2_assay_context	P3_assay_calibrated	0.25	-4.150988886397755e-06	-2.1279542975510823e-05	1.0952139431602558e-05	0.0	-2.3236453078533505e-05	2.5078409691195634e-05	11998	sequence; conditional on frozen OOF or transfer predictions
Gimpel2025_PCR	repeated_nested_oof	GCall	relative_efficiency	assay_context_increment	P1_variable_structure	P2_assay_context	0.5	0.0006620702438766557	0.0005009166604249716	0.000825752409730307	-0.011501916986164361	-0.014577072342076548	-0.008518820468143135	11998	sequence; conditional on frozen OOF or transfer predictions
Gimpel2025_PCR	repeated_nested_oof	GCall	relative_efficiency	calibration_vs_frozen_proxy	F0_frozen_low_proxy	P5_combined_context	0.5	0.0021390671872091316	0.0019425848207098861	0.0023397684975086735	-0.01633605600933489	-0.02044059897039342	-0.012849380264720812	11998	sequence; conditional on frozen OOF or transfer predictions
Gimpel2025_PCR	repeated_nested_oof	GCall	relative_efficiency	full_amplicon_replacement_sensitivity	P3_assay_calibrated	P6_full_amplicon_replacement	0.5	0.0002875654477560996	0.00018654500166457867	0.0003967857656751672	-0.002333722287047841	-0.0041459081491598306	-0.0005439388521349388	11998	sequence; conditional on frozen OOF or transfer predictions
Gimpel2025_PCR	repeated_nested_oof	GCall	relative_efficiency	full_structural_context_increment	P3_assay_calibrated	P4_full_structural_context	0.5	0.00022687958990452728	0.00014155136415294756	0.0003103552191078606	-0.0015002500416736123	-0.002949373231113431	-2.8289100354143123e-05	11998	sequence; conditional on frozen OOF or transfer predictions
Gimpel2025_PCR	repeated_nested_oof	GCall	relative_efficiency	full_weighted_increment	P4_full_structural_context	P5_combined_context	0.5	0.00021872261468747212	0.00013283318822241986	0.0003130000742249395	-0.0016669444907484576	-0.003374859472497958	-8.269102053831687e-05	11998	sequence; conditional on frozen OOF or transfer predictions
Gimpel2025_PCR	repeated_nested_oof	GCall	relative_efficiency	variable_structure_vs_composition	P0_composition	P1_variable_structure	0.5	7.611182498257207e-06	-8.69420841012658e-05	9.614905307445685e-05	0.0018336389398233045	-9.13691532611176e-05	0.003816883080407791	11998	sequence; conditional on frozen OOF or transfer predictions
Gimpel2025_PCR	repeated_nested_oof	GCall	relative_efficiency	weighted_increment	P2_assay_context	P3_assay_calibrated	0.5	3.7993033863426007e-06	-4.561349557030691e-06	1.220010594871756e-05	0.0	-1.857027662905278e-05	1.9421670510228265e-05	11998	sequence; conditional on frozen OOF or transfer predictions
Gimpel2025_PCR	repeated_nested_oof	GCfix	relative_efficiency	assay_context_increment	P1_variable_structure	P2_assay_context	0.1	0.0003945385378132382	1.7174768578803738e-05	0.000813192299403209	-0.004166666666666667	-0.010648532861451523	0.002027308467643226	11994	sequence; conditional on frozen OOF or transfer predictions
Gimpel2025_PCR	repeated_nested_oof	GCfix	relative_efficiency	calibration_vs_frozen_proxy	F0_frozen_low_proxy	P5_combined_context	0.1	0.0036219430412599563	0.003114283343128091	0.004136199285642461	-0.0275	-0.03738390600301571	-0.018351611603180645	11994	sequence; conditional on frozen OOF or transfer predictions
Gimpel2025_PCR	repeated_nested_oof	GCfix	relative_efficiency	full_amplicon_replacement_sensitivity	P3_assay_calibrated	P6_full_amplicon_replacement	0.1	0.0005556882347836911	0.000320983104495548	0.0007900910571200403	-0.0025	-0.006483879850494968	0.0008671760473789023	11994	sequence; conditional on frozen OOF or transfer predictions
Gimpel2025_PCR	repeated_nested_oof	GCfix	relative_efficiency	full_structural_context_increment	P3_assay_calibrated	P4_full_structural_context	0.1	0.00030104991048629515	4.213469352792321e-05	0.0005654381448639054	-0.0008333333333333335	-0.005591431313289683	0.003991044924512437	11994	sequence; conditional on frozen OOF or transfer predictions
Gimpel2025_PCR	repeated_nested_oof	GCfix	relative_efficiency	full_weighted_increment	P4_full_structural_context	P5_combined_context	0.1	0.0006784082554123216	0.00047549386225611	0.0008893689467160404	-0.003333333333333333	-0.006838615768985992	-0.0007961247457233467	11994	sequence; conditional on frozen OOF or transfer predictions
Gimpel2025_PCR	repeated_nested_oof	GCfix	relative_efficiency	variable_structure_vs_composition	P0_composition	P1_variable_structure	0.1	0.0005319738826989884	0.00013681295894856781	0.0008658381213578694	0.003333333333333333	-0.001917503151828208	0.00923915308684652	11994	sequence; conditional on frozen OOF or transfer predictions
Gimpel2025_PCR	repeated_nested_oof	GCfix	relative_efficiency	weighted_increment	P2_assay_context	P3_assay_calibrated	0.1	2.7202215748811653e-06	-3.554655063547352e-05	3.548195050289691e-05	0.0	-5.0716091134181365e-05	5.154269612490576e-05	11994	sequence; conditional on frozen OOF or transfer predictions
Gimpel2025_PCR	repeated_nested_oof	GCfix	relative_efficiency	assay_context_increment	P1_variable_structure	P2_assay_context	0.25	0.0005539450625660081	0.0003481606358128997	0.0007701473025357341	-0.0056685561853951315	-0.009430696750367985	-0.0021185390343718556	11994	sequence; conditional on frozen OOF or transfer predictions
Gimpel2025_PCR	repeated_nested_oof	GCfix	relative_efficiency	calibration_vs_frozen_proxy	F0_frozen_low_proxy	P5_combined_context	0.25	0.0029623680700864297	0.0026193256197781928	0.0033221390512291555	-0.02267422474158053	-0.028899823649988745	-0.016852155458370068	11994	sequence; conditional on frozen OOF or transfer predictions
Gimpel2025_PCR	repeated_nested_oof	GCfix	relative_efficiency	full_amplicon_replacement_sensitivity	P3_assay_calibrated	P6_full_amplicon_replacement	0.25	0.0002839322293284319	0.00015861244160534916	0.00041240184967227255	-0.0013337779259753246	-0.0036170863244149422	0.0008932656614062503	11994	sequence; conditional on frozen OOF or transfer predictions
Gimpel2025_PCR	repeated_nested_oof	GCfix	relative_efficiency	full_structural_context_increment	P3_assay_calibrated	P4_full_structural_context	0.25	0.00017265344970751606	4.653840347911831e-05	0.0003073015765608588	-0.0003334444814938305	-0.002727496836636284	0.0019977739432604853	11994	sequence; conditional on frozen OOF or transfer predictions
Gimpel2025_PCR	repeated_nested_oof	GCfix	relative_efficiency	full_weighted_increment	P4_full_structural_context	P5_combined_context	0.25	0.00040545095302602085	0.000297196875146305	0.0005268897759547307	-0.0016672224074691568	-0.0037563189400077746	0.000273017598345123	11994	sequence; conditional on frozen OOF or transfer predictions
Gimpel2025_PCR	repeated_nested_oof	GCfix	relative_efficiency	variable_structure_vs_composition	P0_composition	P1_variable_structure	0.25	0.0003476674957216819	0.00012059924239645747	0.0005815114860241554	-0.00033344448149383137	-0.004134703344594984	0.003257446658811186	11994	sequence; conditional on frozen OOF or transfer predictions
Gimpel2025_PCR	repeated_nested_oof	GCfix	relative_efficiency	weighted_increment	P2_assay_context	P3_assay_calibrated	0.25	1.7466714703706643e-05	-7.23494329557539e-07	3.537411871752937e-05	0.0	-2.4599603252622266e-05	2.6038817502074384e-05	11994	sequence; conditional on frozen OOF or transfer predictions
Gimpel2025_PCR	repeated_nested_oof	GCfix	relative_efficiency	assay_context_increment	P1_variable_structure	P2_assay_context	0.5	0.00065402842214346	0.0005124081729003249	0.0008130814819543474	-0.007503751875937969	-0.010444744803559506	-0.004751531000076045	11994	sequence; conditional on frozen OOF or transfer predictions
Gimpel2025_PCR	repeated_nested_oof	GCfix	relative_efficiency	calibration_vs_frozen_proxy	F0_frozen_low_proxy	P5_combined_context	0.5	0.002110530647065789	0.001883186593649891	0.0023488027863410865	-0.01817575454393864	-0.02221788401891196	-0.014170340229876658	11994	sequence; conditional on frozen OOF or transfer predictions
Gimpel2025_PCR	repeated_nested_oof	GCfix	relative_efficiency	full_amplicon_replacement_sensitivity	P3_assay_calibrated	P6_full_amplicon_replacement	0.5	0.00012582817530004675	3.799493289307066e-05	0.00021446375051893392	-0.0010005002501250627	-0.002707755057988388	0.0005404550909424978	11994	sequence; conditional on frozen OOF or transfer predictions
Gimpel2025_PCR	repeated_nested_oof	GCfix	relative_efficiency	full_structural_context_increment	P3_assay_calibrated	P4_full_structural_context	0.5	0.00018617158699774095	0.0001103242826884454	0.0002671799333332003	-0.001834250458562615	-0.003343804572094366	-0.00035494720751192874	11994	sequence; conditional on frozen OOF or transfer predictions
Gimpel2025_PCR	repeated_nested_oof	GCfix	relative_efficiency	full_weighted_increment	P4_full_structural_context	P5_combined_context	0.5	0.00015824134917408195	9.361835267903684e-05	0.00023002847051180607	-0.0003335000833750209	-0.0016133307262898764	0.0008682606833985135	11994	sequence; conditional on frozen OOF or transfer predictions
Gimpel2025_PCR	repeated_nested_oof	GCfix	relative_efficiency	variable_structure_vs_composition	P0_composition	P1_variable_structure	0.5	0.00030486966140896854	0.00016446562380030837	0.00044618773990380827	-0.0016675004168751045	-0.003891109305877835	0.0006348015576459096	11994	sequence; conditional on frozen OOF or transfer predictions
Gimpel2025_PCR	repeated_nested_oof	GCfix	relative_efficiency	weighted_increment	P2_assay_context	P3_assay_calibrated	0.5	-1.5486043780654768e-08	-1.642919565736367e-05	1.1507541872712853e-05	0.00016675004168751045	-9.127502343556473e-06	0.0005119187801019751	11994	sequence; conditional on frozen OOF or transfer predictions
Gimpel2025_PCR	source_only_transfer	GCall_to_GCfix	relative_efficiency	assay_context_increment	P1_variable_structure	P2_assay_context	0.1	0.000400842667591661	2.4546419598692192e-05	0.0007899900443762486	-0.004999999999999999	-0.010647480289451568	0.0004467699262496328	11994	sequence; conditional on frozen OOF or transfer predictions
Gimpel2025_PCR	source_only_transfer	GCall_to_GCfix	relative_efficiency	calibration_vs_frozen_proxy	F0_frozen_low_proxy	P5_combined_context	0.1	0.0036415755553645957	0.003140268388167494	0.00415917661062288	-0.026666666666666665	-0.036151767513326924	-0.01713969937358594	11994	sequence; conditional on frozen OOF or transfer predictions
Gimpel2025_PCR	source_only_transfer	GCall_to_GCfix	relative_efficiency	full_amplicon_replacement_sensitivity	P3_assay_calibrated	P6_full_amplicon_replacement	0.1	0.0005752652732549102	0.0003468821225429353	0.0008113284344954894	-0.0016666666666666668	-0.005156365668515179	0.001586203926848859	11994	sequence; conditional on frozen OOF or transfer predictions
Gimpel2025_PCR	source_only_transfer	GCall_to_GCfix	relative_efficiency	full_structural_context_increment	P3_assay_calibrated	P4_full_structural_context	0.1	0.00034778955954051227	0.00010228294842967722	0.000599381675159305	0.0	-0.0047443471483588524	0.00449671193442954	11994	sequence; conditional on frozen OOF or transfer predictions
Gimpel2025_PCR	source_only_transfer	GCall_to_GCfix	relative_efficiency	full_weighted_increment	P4_full_structural_context	P5_combined_context	0.1	0.000653738753719102	0.00046798037665971015	0.0008729810605373144	-0.0016666666666666668	-0.004325446918496219	2.912655059474577e-05	11994	sequence; conditional on frozen OOF or transfer predictions
Gimpel2025_PCR	source_only_transfer	GCall_to_GCfix	relative_efficiency	variable_structure_vs_composition	P0_composition	P1_variable_structure	0.1	0.0004634926916573523	0.00011291549310098459	0.0008069648924376172	0.0024999999999999996	-0.0026272856682256784	0.007820660559259151	11994	sequence; conditional on frozen OOF or transfer predictions
Gimpel2025_PCR	source_only_transfer	GCall_to_GCfix	relative_efficiency	weighted_increment	P2_assay_context	P3_assay_calibrated	0.1	1.8523268294767803e-06	-1.357274456023072e-05	1.8963916664288533e-05	0.0	-2.171455033588458e-05	2.516023777267179e-05	11994	sequence; conditional on frozen OOF or transfer predictions
Gimpel2025_PCR	source_only_transfer	GCall_to_GCfix	relative_efficiency	assay_context_increment	P1_variable_structure	P2_assay_context	0.25	0.0004844011136917459	0.00026493776996093786	0.0007004308995283312	-0.004668222740913638	-0.008629485662382403	-0.0009403171230261912	11994	sequence; conditional on frozen OOF or transfer predictions
Gimpel2025_PCR	source_only_transfer	GCall_to_GCfix	relative_efficiency	calibration_vs_frozen_proxy	F0_frozen_low_proxy	P5_combined_context	0.25	0.002955837749667345	0.0026167397209394235	0.003299829269595458	-0.023341113704568192	-0.029422631133170885	-0.01749257404686803	11994	sequence; conditional on frozen OOF or transfer predictions
Gimpel2025_PCR	source_only_transfer	GCall_to_GCfix	relative_efficiency	full_amplicon_replacement_sensitivity	P3_assay_calibrated	P6_full_amplicon_replacement	0.25	0.00030265804824436415	0.00018748751574084176	0.0004152020283669788	-0.0016672224074691568	-0.0037754118958492895	0.0006048658656466362	11994	sequence; conditional on frozen OOF or transfer predictions
Gimpel2025_PCR	source_only_transfer	GCall_to_GCfix	relative_efficiency	full_structural_context_increment	P3_assay_calibrated	P4_full_structural_context	0.25	0.0001522593609173395	2.736896743104067e-05	0.0002764910245197538	-0.00033344448149383137	-0.002606286185088143	0.0019161436708963594	11994	sequence; conditional on frozen OOF or transfer predictions
Gimpel2025_PCR	source_only_transfer	GCall_to_GCfix	relative_efficiency	full_weighted_increment	P4_full_structural_context	P5_combined_context	0.25	0.00042332922593657507	0.0003086512478492953	0.0005419731719970289	-0.0020006668889629878	-0.00453519770038532	0.0002564345513180361	11994	sequence; conditional on frozen OOF or transfer predictions
Gimpel2025_PCR	source_only_transfer	GCall_to_GCfix	relative_efficiency	variable_structure_vs_composition	P0_composition	P1_variable_structure	0.25	0.00039569741552059057	0.000172623324481469	0.0006143378377200412	-0.0010003334444814924	-0.0048508431884995845	0.0028227737048234164	11994	sequence; conditional on frozen OOF or transfer predictions
Gimpel2025_PCR	source_only_transfer	GCall_to_GCfix	relative_efficiency	weighted_increment	P2_assay_context	P3_assay_calibrated	0.25	1.194463049225547e-05	-3.0915439435230672e-06	2.8443826131924184e-05	0.0	-1.6903026355726643e-05	1.5697759309000166e-05	11994	sequence; conditional on frozen OOF or transfer predictions
Gimpel2025_PCR	source_only_transfer	GCall_to_GCfix	relative_efficiency	assay_context_increment	P1_variable_structure	P2_assay_context	0.5	0.0006441965769485858	0.0004900222596276816	0.0007951099552072182	-0.0071702517925629474	-0.010002442311384032	-0.004364558918768937	11994	sequence; conditional on frozen OOF or transfer predictions
Gimpel2025_PCR	source_only_transfer	GCall_to_GCfix	relative_efficiency	calibration_vs_frozen_proxy	F0_frozen_low_proxy	P5_combined_context	0.5	0.002096296420510124	0.0018703518225836324	0.002334304936360826	-0.017842254460563617	-0.021759542597103214	-0.013914123726495078	11994	sequence; conditional on frozen OOF or transfer predictions
Gimpel2025_PCR	source_only_transfer	GCall_to_GCfix	relative_efficiency	full_amplicon_replacement_sensitivity	P3_assay_calibrated	P6_full_amplicon_replacement	0.5	0.0001443745183682399	5.101100884389864e-05	0.0002365408659154966	-0.0005002501250625313	-0.002201616421981046	0.0011629770856925014	11994	sequence; conditional on frozen OOF or transfer predictions
Gimpel2025_PCR	source_only_transfer	GCall_to_GCfix	relative_efficiency	full_structural_context_increment	P3_assay_calibrated	P4_full_structural_context	0.5	0.00017028164856780492	9.334895912923579e-05	0.0002528607608702882	-0.001834250458562615	-0.0032779760598656057	-0.0005006243326094156	11994	sequence; conditional on frozen OOF or transfer predictions
Gimpel2025_PCR	source_only_transfer	GCall_to_GCfix	relative_efficiency	full_weighted_increment	P4_full_structural_context	P5_combined_context	0.5	0.00017864173290038643	0.0001023009132964936	0.0002562385608932404	0.00016675004168751045	-0.0012037721995510349	0.001628858307499645	11994	sequence; conditional on frozen OOF or transfer predictions
Gimpel2025_PCR	source_only_transfer	GCall_to_GCfix	relative_efficiency	variable_structure_vs_composition	P0_composition	P1_variable_structure	0.5	0.0002781001883673806	0.00014938625248500648	0.0004198469241750212	-0.0018342504585626158	-0.004045347662894147	0.00034054374591313167	11994	sequence; conditional on frozen OOF or transfer predictions
Gimpel2025_PCR	source_only_transfer	GCall_to_GCfix	relative_efficiency	weighted_increment	P2_assay_context	P3_assay_calibrated	0.5	-8.024219879221306e-06	-2.6258288864816627e-05	3.700703065789843e-06	0.00016675004168751045	-6.387784912244548e-06	0.0005075903395603834	11994	sequence; conditional on frozen OOF or transfer predictions
Gimpel2025_PCR	source_only_transfer	GCfix_to_GCall	relative_efficiency	assay_context_increment	P1_variable_structure	P2_assay_context	0.1	0.0007878023140941437	0.0003316098759137964	0.0012431182271610546	-0.010833333333333334	-0.018797119415349096	-0.003360468661882253	11998	sequence; conditional on frozen OOF or transfer predictions
Gimpel2025_PCR	source_only_transfer	GCfix_to_GCall	relative_efficiency	calibration_vs_frozen_proxy	F0_frozen_low_proxy	P5_combined_context	0.1	0.003047252059157901	0.002591875582250447	0.003465995579904027	-0.018333333333333333	-0.02718251840496394	-0.009748202079307395	11998	sequence; conditional on frozen OOF or transfer predictions
Gimpel2025_PCR	source_only_transfer	GCfix_to_GCall	relative_efficiency	full_amplicon_replacement_sensitivity	P3_assay_calibrated	P6_full_amplicon_replacement	0.1	0.0007453286054794894	0.0004637059677612021	0.0010231798072237342	-0.001666666666666667	-0.00611003366087025	0.002758474072978916	11998	sequence; conditional on frozen OOF or transfer predictions
Gimpel2025_PCR	source_only_transfer	GCfix_to_GCall	relative_efficiency	full_structural_context_increment	P3_assay_calibrated	P4_full_structural_context	0.1	0.000210767188534966	-0.0001403489455241047	0.0005173496590085313	0.0008333333333333335	-0.0033861393392190845	0.005156606788229441	11998	sequence; conditional on frozen OOF or transfer predictions
Gimpel2025_PCR	source_only_transfer	GCfix_to_GCall	relative_efficiency	full_weighted_increment	P4_full_structural_context	P5_combined_context	0.1	0.0007841880419414693	0.00048573755127077624	0.0010994224268410565	-0.0033333333333333335	-0.008009744540615826	0.0009507143345221542	11998	sequence; conditional on frozen OOF or transfer predictions
Gimpel2025_PCR	source_only_transfer	GCfix_to_GCall	relative_efficiency	variable_structure_vs_composition	P0_composition	P1_variable_structure	0.1	8.139404412910167e-05	-0.0003948284568495386	0.0005778821335117422	0.0033333333333333322	-0.004500992947513976	0.011286604403681164	11998	sequence; conditional on frozen OOF or transfer predictions
Gimpel2025_PCR	source_only_transfer	GCfix_to_GCall	relative_efficiency	weighted_increment	P2_assay_context	P3_assay_calibrated	0.1	1.1152953915960495e-06	-2.814003062208692e-05	2.8106711330844188e-05	0.0	-4.817712295104614e-05	4.8815098221366376e-05	11998	sequence; conditional on frozen OOF or transfer predictions
Gimpel2025_PCR	source_only_transfer	GCfix_to_GCall	relative_efficiency	assay_context_increment	P1_variable_structure	P2_assay_context	0.25	0.0008247204016533782	0.0005624938722468053	0.0011125092461231833	-0.008666666666666666	-0.013070217255348099	-0.004331777677679983	11998	sequence; conditional on frozen OOF or transfer predictions
Gimpel2025_PCR	source_only_transfer	GCfix_to_GCall	relative_efficiency	calibration_vs_frozen_proxy	F0_frozen_low_proxy	P5_combined_context	0.25	0.0027025228492290054	0.0023983207682054643	0.003000734445210992	-0.02033333333333333	-0.02563160981915147	-0.014658774404333894	11998	sequence; conditional on frozen OOF or transfer predictions
Gimpel2025_PCR	source_only_transfer	GCfix_to_GCall	relative_efficiency	full_amplicon_replacement_sensitivity	P3_assay_calibrated	P6_full_amplicon_replacement	0.25	0.0003887906522097584	0.0002140818764425234	0.0005754081824572765	-0.0030000000000000005	-0.005731612967093133	-0.00025385101808277186	11998	sequence; conditional on frozen OOF or transfer predictions
Gimpel2025_PCR	source_only_transfer	GCfix_to_GCall	relative_efficiency	full_structural_context_increment	P3_assay_calibrated	P4_full_structural_context	0.25	0.00029384184457059703	0.00015174039752761104	0.000431018913249248	-0.001	-0.003615760967024617	0.0014270507696108586	11998	sequence; conditional on frozen OOF or transfer predictions
Gimpel2025_PCR	source_only_transfer	GCfix_to_GCall	relative_efficiency	full_weighted_increment	P4_full_structural_context	P5_combined_context	0.25	0.00039919909425467637	0.0002394917839657784	0.0005600260657650734	-0.004	-0.006619984918142889	-0.001384279251760764	11998	sequence; conditional on frozen OOF or transfer predictions
Gimpel2025_PCR	source_only_transfer	GCfix_to_GCall	relative_efficiency	variable_structure_vs_composition	P0_composition	P1_variable_structure	0.25	0.00019739074490265907	-4.332513013142192e-05	0.000429284768423288	0.0009999999999999992	-0.003127378037089026	0.005187899863001061	11998	sequence; conditional on frozen OOF or transfer predictions
Gimpel2025_PCR	source_only_transfer	GCfix_to_GCall	relative_efficiency	weighted_increment	P2_assay_context	P3_assay_calibrated	0.25	-2.203730127958714e-05	-6.84644102352583e-05	1.0333779409210621e-05	0.0003333333333333339	-1.588327013911984e-05	0.0010094276533178892	11998	sequence; conditional on frozen OOF or transfer predictions
Gimpel2025_PCR	source_only_transfer	GCfix_to_GCall	relative_efficiency	assay_context_increment	P1_variable_structure	P2_assay_context	0.5	0.0006912423299101356	0.0005216849180417149	0.0008740694817325698	-0.008001333555592597	-0.010990407632823659	-0.005089441811604449	11998	sequence; conditional on frozen OOF or transfer predictions
Gimpel2025_PCR	source_only_transfer	GCfix_to_GCall	relative_efficiency	calibration_vs_frozen_proxy	F0_frozen_low_proxy	P5_combined_context	0.5	0.0019587098796135516	0.0017535447093358803	0.0021730884520379965	-0.016836139356559428	-0.020524686224144502	-0.012805771185972894	11998	sequence; conditional on frozen OOF or transfer predictions
Gimpel2025_PCR	source_only_transfer	GCfix_to_GCall	relative_efficiency	full_amplicon_replacement_sensitivity	P3_assay_calibrated	P6_full_amplicon_replacement	0.5	0.000269471700405699	0.00016940180054708653	0.0003755882299618762	-0.0023337222870478402	-0.004202562679745536	-0.0006178660596307857	11998	sequence; conditional on frozen OOF or transfer predictions
Gimpel2025_PCR	source_only_transfer	GCfix_to_GCall	relative_efficiency	full_structural_context_increment	P3_assay_calibrated	P4_full_structural_context	0.5	0.0002021863095706955	0.0001045037988467834	0.0003005450901883199	-0.001000166694449074	-0.002649776920734499	0.0005061681822233649	11998	sequence; conditional on frozen OOF or transfer predictions
Gimpel2025_PCR	source_only_transfer	GCfix_to_GCall	relative_efficiency	full_weighted_increment	P4_full_structural_context	P5_combined_context	0.5	0.00021735338688766426	0.00010537910105713477	0.0003185216671047319	-0.0018336389398233037	-0.0033282985189017895	-0.00030862187816603866	11998	sequence; conditional on frozen OOF or transfer predictions
Gimpel2025_PCR	source_only_transfer	GCfix_to_GCall	relative_efficiency	variable_structure_vs_composition	P0_composition	P1_variable_structure	0.5	0.00019553122293625158	6.197921542779317e-05	0.0003237688222142321	-0.0011668611435239236	-0.0035876649112013626	0.0013453762402126335	11998	sequence; conditional on frozen OOF or transfer predictions
Gimpel2025_PCR	source_only_transfer	GCfix_to_GCall	relative_efficiency	weighted_increment	P2_assay_context	P3_assay_calibrated	0.5	-2.660150331790234e-06	-1.4752202442047669e-05	6.426762275268949e-06	0.00016669444907484524	-8.182830299524472e-06	0.0005080126928888294	11998	sequence; conditional on frozen OOF or transfer predictions
